Category,Quantity,References,Value,LCSC Part #,Footprint
Capacitors,2,"C1,C4",470uF/16V,C7234,CAPMP7343X430
Capacitors,3,"C2,C3,C5",100nF,C15195,0402_CAP
Capacitors,8,"C6,C7,C8,C12,C13,C14,C15,C17",100nF,C1525,0402_CAP
Capacitors,2,"C9,C16",TAJE477K010RNJ,C7234,TC7343
Capacitors,1,C10,2.2nF,C1604,0402_CAP
Capacitors,1,C11,10uF,C7194,CAPMP 3.6MM
Resistors,1,R1,200R,C25087,0402_RES
Resistors,6,"R2,R6,R12,R13,R18,R19",20K,C25765,0402_RES
Resistors,4,"R3,R16,R17,R20",4.7K,C25900,0402_RES
Resistors,2,"R4,R5",51K,C25794,0402_RES
Resistors,1,R7,100R,C25076,0402_RES
Resistors,1,R8,1k,C11702,0402_RES
Resistors,1,R9,1.2k,C25862 ,0402_RES
Resistors,2,"R10,R11",270,C25091,0402_RES
Resistors,5,"R14,R15,R21,R22,R23",10K,C25744,0402_RES
Integrated Circuits,2,"U1,U2",MIC5219-3.3YM5-TR,C29613,SOT235
Integrated Circuits,1,U3,DW01A-G,C2927799,SOT95P280X135-6N
Integrated Circuits,1,U4,TP4056,C382139,SO8
Integrated Circuits,1,U5,CH340C,C84681,SO16
Integrated Circuits,1,U6,TCA9548APW,C130026 ,SOP65P640X120-24N
Integrated Circuits,1,U7,MPU-6050,C24112,MPU6050
Transistors,1,Q1,8205A,C7419210,SOP65P640X110-8
Transistors,1,Q2,DMN3135LVT-7,C155326,SOT95P280X100-6N
Miscellaneous,1,BAT,S2B-ZR-SM4A-TF_LF__SN_,C265329,S2BZRSM4ATFLFSN
Miscellaneous,1,ESP1,ESP32 WROOM SIMPLE,C529578,ESP32 WROOM SIMPLE
Miscellaneous,1,I-FINGER,53261-0771,C505276,532610771
Miscellaneous,1,J2,TYPEC-304S-ACP16,C2840392,TYPEC304SACP16
Miscellaneous,1,LED1,Red,C2286,IND603
Miscellaneous,5,"MPU1,MPU2,MPU3,MPU4,MPU5",532610571,C7433456,532610571
Miscellaneous,1,S1,SSSS811101,C109335,SSSS811101
Miscellaneous,1,THUMB,53261-0371,C2845380 ,532610371
